order_id,predictions
407703c42dd95fe9a2333f4ecc3937dc,190.24221801757812
c3aa2be4956b984fe5edec2b47ed5cf3,149.9335174560547
828021ba0dd464537cf1db4f16a90cf5,88.24964141845703
0631e16286d87620de04a93ffaa268cc,64.29510498046875
17561ec034e13e8c272c37948888d7d1,183.8037872314453
0f899c9e7164b3777a3f761a07e60716,95.08975219726562
dc19a39ae18239e4f951341e2922936b,236.93650817871094
f5e63604dfa8090d86666d74cb7307ba,68.82937622070312
a650ad68b4497e2074565f78afbb748c,114.89282989501953
927cf3b913c8d2f70e929ae6b453a19c,64.26676940917969
cf238188b9c457d2f11aae35eebff091,135.162841796875
b003da1a4d9dcf8b6117acef06f9d0cd,100.02149963378906
95cdfe3903898b74cab6151650aa8532,96.92942810058594
6e4277db7d12143e6be7ecd4a0bf4f1a,105.1015853881836
e302bebfedb2f369182ccb49c5d49a5d,183.72862243652344
5f9029db283d9c004f38a9bf3fc80ebd,142.5198211669922
5c10e06e83051c639be935218d5802ec,113.32697296142578
7c7f242c2fb60fe4e71be64f5493e15a,151.54994201660156
e16729f8cb96d121e25181ca442aed43,138.17442321777344
d15b5e81a8503e2a6396b7ce03923a89,137.87835693359375
f1403199bea845f9182a4fd70850eb4f,84.52140045166016
410472dbab6bf31626c38d268b201785,124.86444854736328
7bb4a39498cbca2c172a2e8a55689ab4,70.28119659423828
234372e31dfdb18513f03004f9828636,175.1433563232422
ea2828c15173af52ed24015448af427f,164.8778076171875
3176a2772603fb8e7b1e4a050cd1b28b,165.5874481201172
50b0071bc22db2adfb9b6fd97a1cc382,96.61519622802734
e8ce6ec4281b55e1477341b09fc9a814,82.84468841552734
074603c9a67e4f83ef45d57bb5eb2360,92.4249496459961
3a75d3410eceed924896ff957b715478,83.59529876708984
ff56c9117bef5a2b83de8d9c96ea7cff,108.29255676269531
445b66576a1b195d37ae3d997670cda4,145.73875427246094
a937b7fe71b14a103475e6bbf056a3c2,123.76057434082031
52fb1215469cd967718c0b2db829e0bb,110.89290618896484
17310c5dfe63b9a1414c83be5b9434bc,114.91852569580078
3bbf3400c1000cde725f596ce8679718,126.165771484375
27fe4445196403cb7b3926390371d78d,79.06035614013672
7b17276f6ab0ed20fb66cac96a97a46a,219.5778350830078
6a740435548aa3c9b0056aba685b7b45,124.14974212646484
27edb31ed78f92670ea3f1776a0587f6,123.12689971923828
60495aeea65d2b596f73ccc71c38c30b,83.09315490722656
39d9f48687e828e973724d750e32f530,77.2450942993164
88a9a9769c8bfdec762070b073a60e2f,113.1698226928711
1382e8234243db4d0a1177c560d2322a,95.5921859741211
fd62309a6e9a8f2cf67cba6f19ec5c0b,77.41722106933594
1dfcb7e66f8ca74e661e05896e68429b,128.72073364257812
8c70e3e53066182ea1daa9c49a221839,116.54530334472656
3180bfe3e0918a9d8b8af844c8815c25,83.7599105834961
91000d17646545dbcb15d79b5d80de3e,152.9586944580078
58359b86bb08276ddea3ba339ec49612,86.3706283569336
434af3a3cfb90cace641f8a051a906da,68.09282684326172
6ab5f4dfc7f229f8fdd5cc98e6fd0226,78.08556365966797
813741612979c593efdde6584bb3f497,117.9072036743164
fd6d30ad935db74240efb31ac6af2ac7,79.51677703857422
fd9e4d27921c127747b96ae65362e27c,57.453826904296875
44ed0465885140a9c830f311552e12ff,78.46916961669922
c4ec075cb415bee76a7bab6f4297d01e,91.63971710205078
69d619e22e28b8ad554e2250372f6e84,103.82977294921875
9a8f1a1e68a39d9e330a16ada452965c,60.39079284667969
cf6ad6cfc293c018e0f5de2dfffa8618,96.75496673583984
e939705f0c1d8186cac9b1e0ba6d3407,56.12873077392578
03d9e548d0d817209238214a2f40e34b,82.3294448852539
2487acb46d8d960f72980a4e675dd853,78.09764099121094
88923e65cc2b2d4a898b5435cd6ebeed,75.50874328613281
2c220be4d2fb224d9e6a78a18452c5f0,81.89598846435547
8eb353f019b67a44c0a908e3fc87dd07,160.9449920654297
353c62993e8958da01b8309d443b262c,186.20570373535156
d2f4c6b65738cee15dc51c78a276402b,111.15592193603516
b7203b1e0b89b27d220071a1c382e9cd,91.98039245605469
0b61dc4fba67ab7787031f096429f032,117.87232208251953
56e8bf0c9df33588f61677cf907cfb08,107.21382904052734
d889739a34c5a2d9daee763de86ec87f,90.69966125488281
45b9c3afe15b4ed8dc36afd7c85aeb81,119.47881317138672
1236c40bd007d9db1dc0a5d0bfcc44fe,118.27530670166016
4d025506ccc67449491da2be7fed79eb,97.65255737304688
6b13d8524f0af04e8811edd78a3a6be4,97.27861022949219
8d5c2a1380fa8a610c2b2af59f2a0d9f,107.91985321044922
342b3c4907f95b2a4677cee4dea4611c,60.721046447753906
b55c8c6f805e597544121c36eee8602c,106.0929946899414
5de43c222a37fdb2ac77cd6b98e25c26,82.2564468383789
3eee27d23eec9f1b923ff9508322351b,208.44264221191406
8914ac9a0ad859feca0aeba185f3d324,75.58769989013672
bdbeafd4af070ae86c56c1774c0785d4,81.6164779663086
4a434f1fe390978e37682191183b0073,178.0876922607422
bbdf079a21f5cea10c95a068776e6cc2,74.605712890625
25c955c4c3376d8037a09a1433cecd39,105.11348724365234
594ae91ee1e0bef3dce94d6dd5a57272,79.19357299804688
e18b944de6489bd82ec3dcc975d736c5,142.1800537109375
1ee4b733201c83267d21a8b035c24601,83.26202392578125
b52cc5a0ef55a8f778947496afcfea37,120.43387603759766
a93b04508e1ebe5b634dd54adb64fc55,75.70304107666016
d65c170380d396db4491e0ae9f26454f,55.940185546875
a499b6b84f5ee9eb962ee681d05a2ef9,73.12708282470703
c43c95c3f31796a0df9984956348ef85,91.13837432861328
94feeda592407ef9524f38a5c259024c,50.104576110839844
58e6eb6977e9ce759adcd4b2db6c1e62,81.50141143798828
43d59e846f65fae51bfcf85e0a72b44f,118.40028381347656
4672e9fab9a9ae9e1f9a24ab825b21c0,92.66104125976562
b6573d798b3457d3b865e9ac27987d5f,103.9343032836914
6474228852ec49d548a28251797dd99d,102.27852630615234
a8c178feae4d6f6233813e2a9e862a4a,140.99017333984375
3813b295166fb7dc695a5c56f2ad778b,98.50871276855469
fb431404900745ccaf8e5a801a12b590,98.64006042480469
6fe6b160640ab71964b6406eddacfd13,156.62062072753906
456b8333fecc22e7a1b5faae1c74bbfc,103.15506744384766
425a0c6756d43ab7650d0e54c11dd4ab,96.3595199584961
3f56e12ec5a150c4f525c48410e77d70,106.67479705810547
fa3da6c6f1200be8e07cc239caf71188,66.69970703125
1b3161e936bbdfd1cedea46fd31b01f5,77.65204620361328
f78f79999724797c243e4ca61876691b,108.27767181396484
548867c5a831bb6e1512031395f03be8,67.58007049560547
2f064f5e765efa02769cd11fd1a01211,60.952327728271484
7f17b39a9808802c794627af2b225467,105.5447998046875
bad82e3217fbedb79bbb083598f00f98,60.02546691894531
c777f748fbf59c9253fe28483fd99675,69.10668182373047
26e32758f60ee8a98a86f914e7fe774f,84.22991180419922
ac3b1b510d4a2166220b153eebfa7026,57.22647476196289
ff2c57919cab8a04084e93185b946d76,98.05791473388672
1c5185275fd6f1986527ae319099c367,92.1324691772461
4e58422a3762c2d828402fe0e3732a54,130.2525177001953
2754f1372cd8ddff475fd5162c4d7cbd,101.94115447998047
1ed5aea20f556e1d85604b097602d8aa,112.73865509033203
6d0eea52c3763244d33a0d5479293739,180.64732360839844
a1c9a41c6e32e337947cc7dcc9d61dfa,54.818519592285156
b64244103f43ade9cb42f26c6cf6596d,105.21981048583984
a0037b0d8c43313af7cf4f0e1d53bb0f,115.72347259521484
ba230e77befdfeab000975c3b8a51dbd,76.38883209228516
549457998cd5c2ecd0412258a3ebd06c,86.98374938964844
50905d75a2a4ccb0b57c1a4df3cbfe1c,106.63981628417969
8fd63536749e72cc986ff4eb18501680,70.73201751708984
3ab63ae0384736e94f28cb8b2e1fd69f,170.9324493408203
ed7a47fbc954cd0802fb232758286ddc,114.3599853515625
0e7f5c7c6e63c4d2c99f0f05671d6f1d,160.5297088623047
c92144aefcf5dfb33a43fd33313e3129,73.85531616210938
d417540eb004807ac46e28f435724814,78.5538558959961
284ec1b6ec469e23cbcf69d65c02adf0,59.91740417480469
7f08f052feeaa80b43d7064d7210b3b8,86.69764709472656
f62bb13eea6eb7fc4c035f0a58ff7c91,54.431949615478516
074fe7af634ce76dd6140f9127ca9e82,76.56177520751953
a2b65ca20d511315bba4203da1dcdf4d,127.56256866455078
7e9c3f046d7073454eff511d2264473a,101.77172088623047
ce4ba4d23f5079d29c8fcd7e66ec6009,100.39716339111328
0486bd5ca6e6ede4674a916688b8c23c,116.68631744384766
643edcc44d78a41b2fe274eb7722428f,65.55147552490234
2f642ad889084cd5cad06daa9e1705b7,77.61341857910156
b846f569135657ca5e01317f21f1e5e6,121.84913635253906
3ff49c8b4bdeca380960e57aa23dbb03,117.50934600830078
19b592f0024eda834c891d59f9c3a77f,93.64737701416016
8f88feee170b97bd98d4b24b9dafb052,94.4922866821289
5cf4e68fc49a9b1384120a46fe0366c9,106.52386474609375
37ceba9c5f40afbe3e7b8facc36e901a,94.43659210205078
81e7984fc69bb98de7081f6d0258eb3c,152.02479553222656
2a16776ba7eac2a2e5734c7272136ca7,71.50316619873047
abb935c4724fc0c5c87b4c1ef7dbe302,77.92469024658203
b29450671a3846d5ed5f876b077625ed,120.2919921875
637fe5e1c4d88035299c83ca5ca5df16,121.07699584960938
02445c97b8fb0043f351562f0ae6f632,80.43029022216797
e271a5ceef6ba28ce75f358b084d1552,96.7968978881836
7852aee0a83d7bcd26b8cc338b52a7c9,111.35841369628906
386ec7bd35bb01045545392cdc519b13,89.47900390625
5bd15ee7d7842c1f9936ae73c2cb1f5b,77.92949676513672
b2c0c6e115ee8aa07a59ecbd7681e399,88.67322540283203
08fee84d0852eadf5e78c24d9afae5eb,127.94562530517578
4375253d7a36880b553fa2e9b14a7a9b,71.5621566772461
6b9317d5553f1ee331795bfa836cebd5,99.7768783569336
b01a1509ad854401b0069c27d5ca7d20,76.9097671508789
236399f22aaec0800f0edc813a1e51cf,69.13057708740234
bcd738e9bd511a6f90129a575fa5b8f4,93.942626953125
3342a25b3a07f61ad6921f9ce091c932,151.61978149414062
386a868435c1ad0dd023313e026736c8,104.48457336425781
554d128a6535a519067b109bd5e62ff8,96.0899429321289
f5b7d11f1d4790bdafe41154b4811b6d,75.18980407714844
b8841e5311dc63d668303a5423bda2db,84.30579376220703
593cc9a764f2cac68b16df69eb9a25a1,102.47689056396484
0dfa5008d2a852cc33c4b8282e525921,73.32115173339844
cb37c406f218f251b1c417a473c1b11d,73.63288116455078
281767af03ecad112b3ed1c65aecdf60,96.17618560791016
abb9e16b9b6fcfd4042035f0d6ca85d0,107.51520538330078
45f8fd6b42c064050154c65060d01a24,77.27982330322266
0fef8d5d4d8ec588bd32a23ddd2bb518,122.01026916503906
0dd0cb26683912fcaba4f0a135239bec,97.62987518310547
0796d56650339e5611d4bb93fb807bc9,74.6143569946289
4071555aace3b451948ddd5731a5051c,157.70924377441406
53aadd529d012fc7ff12631c13b2eb2f,85.63170623779297
bf6706aa0407646494e23b0bf80b8131,121.9694595336914
6b04d3cfa6c06981f946690ba8819f89,68.09268188476562
3fb44e7ca61acce5682354e2f182c134,79.41558074951172
b4e32af17982a408ff7de3652f5a3556,173.57081604003906
6f546ac658a66b1e707e1de931f68b3a,65.8567886352539
52988c0422fabe1c8b2be77d2101450c,115.09058380126953
71b95141b6e4d0517732fd8e0df455f0,89.67573547363281
8f8eae33c747ced589340b23f8315f05,153.61134338378906
48c3afafb3b06a025c38e61749111cf5,116.70638275146484
b721d2a730f923f5039e995d54fbc72b,97.1576919555664
7b4a06d7382702d863ecc9e7ef4f38ec,116.1143569946289
769931ffe14a2d3cb69af595417ce28a,103.8290786743164
846e766800eb2fcec0d65e7a4abf45f9,103.8666000366211
d8e6edb840f05010fbd710f2d7dd9351,144.01303100585938
c71183bb8649fc5045a19f4c42ed01cc,65.6670913696289
f890e797261c6b2709c0e4eb92406c54,126.20578002929688
0fb9a57052de477c25a319e7690a4b81,115.08246612548828
54de09ad4d044d6fa45b45e29258a586,100.27727508544922
7164c2b2fbbed88c8398db38b0724fe5,75.94816589355469
f4e5a1c01a22fb4906b55b267f29d62f,137.8870391845703
0c65ebaadc1e973296b96f509a137dde,73.5286636352539
024bc9407e19474a71ad0b92439cce23,119.59387969970703
8e21d420103ee6addaef2e5a3004cfc7,66.95093536376953
5da216aff1ac6fbefd9b7c155e87c16f,86.1662368774414
d37ac694f77b780c4d8d28b1aad36d39,163.3029327392578
61f8c54e174395d7a12f12e4bc3bedd4,78.39240264892578
a1dda1ea6ecdb8dc5cdb479d59f568d9,68.43441009521484
6e35c9368a50ec401e84db68a45ee5b8,76.09760284423828
4a7f4d95e47e71c56ca0bbe6f215f50d,70.10688781738281
921f87d5b718ab0aff637fdb6592a58b,79.31897735595703
5140cc30445598bd173e6a792c6861f5,124.75820922851562
866161a6dd87b765c05a833b930fcfb3,88.92211151123047
e4e11ec246eb5b7da2fb350a3a3bae51,108.48076629638672
2001519bc5678a188efc22e2cf309a89,82.8314437866211
e841a7ec43431c08b0d2742830b0c36f,90.52104949951172
34602345091cfdecd1c9b92e6b3d2252,70.15840148925781
db2982e57325cd0c85adf467b4479725,93.67681121826172
36b9a3281e3aa2693040964fa45c9805,70.29427337646484
fd681b4539c4ab2a7863a7235d828d21,102.8925552368164
364f53709d6626e90474a5bc3bab5020,64.88494873046875
7f6b8cfbbf18a0ef98c622e3006f7d30,107.11476135253906
cfae9cffe564901944794a9b87322e0d,69.3614273071289
fe9dcc7d30446b3c06c770a202519b24,135.27308654785156
f38a1e490dbe30be56f678884bb8d997,79.32640838623047
a4eff9b4ef502691c51dd7c72401943a,108.11397552490234
fb98dcc726941eb0859a7724659389d3,124.83261108398438
0af7e7d739b70e82f93556fcbdd1f8da,68.04936981201172
933b07ef85013f7bd18c336813af3fbb,120.60721588134766
11ee6271bb117edfcb86c1c534e9d15b,75.41776275634766
edebab50c2cb4117075cc3b8f81bded9,72.48773956298828
06bdc8351c67b1bbcc587bc7645079d9,73.23875427246094
f7221d05261efb7f39eef6837e4953bf,164.709716796875
d8368e30e60201c2d98dac3546928f06,91.15005493164062
29df69c5b29d7d763b021219534d0519,81.053955078125
1c0361acdf78381857858e3a3cb7844f,85.44562530517578
919246515250ec88d52bbc0ab9ccc130,75.61100006103516
98d0fab5ab3fac40d5ecc98e4ead3ea6,70.83889770507812
57143246d2442b2f0aa5cd27dadc575a,102.42510223388672
bc5f6baed970eed9b44b933a41183b3e,137.36940002441406
de1bdfd0f5919a72af57f9a09a6c1d44,82.9209976196289
8bfbb2e20dd296a2b258b14ab0e288d0,85.46461486816406
fc0b5f9911664d6a29509dca264bf24e,147.69151306152344
4570c45bf317dbee4ce567538d59aa4d,168.3394317626953
1ebd1e3db90bc73222633de519342a47,78.34152221679688
3b449c6a5f78a910d65de9973ede84e0,113.93663787841797
b6df4baddba5fc7f101f819d5e2d08ef,91.48805236816406
af90b94c88e732ce57d5e70f042cde41,68.24310302734375
1e4cc1ea9b0c633d38edd065fb96f3ed,91.62887573242188
ff6d8c50f1f60dabb7478386bf561be3,110.69742584228516
3588d54988a6a95cf6f3605c3d35275c,130.88291931152344
f89ca9c99a0ced78dac4cdcea606adc8,77.36128234863281
befc78db7fcdafe8e8ae0d22b2287dd2,76.98230743408203
db2331ec2435e8c58414ad99bbeceeca,105.4063949584961
a7dcada81cfd783f33f458e8b3b2d235,139.25180053710938
549f0f94c090899d127c58bb3c2482c9,78.17351531982422
f3a6153c2d6829401679be1f96c21f55,114.81751251220703
8d03aafa7ad2468f68a0d7aaecb3df14,88.83984375
21ad32397aeba0ca67b4f51c77ce653d,92.88204956054688
8c1ff20d8c9cd2b0f529f38175b817c2,144.01170349121094
30de3e8cda484a40e3b0cfe8f0eccc7e,94.80386352539062
45036c7eb9e978693d38d3d684663946,156.71971130371094
5c3f424529fe2962bc470d9d3da3c7b2,103.3199462890625
26f292d5ae3dc35846995280ab2266f9,53.983116149902344
214292787195fa2ce0549efeca3c4261,102.41657257080078
1bd9864f27f6dd4ea1dd1d9d924370bc,57.18523025512695
7d61b44e3a9cfad96261f45643b58ba6,67.2596664428711
5fe00f71c80d5ff860a83436384842fa,106.94429779052734
4caa9e4d00d2d023b77231159313ef2f,85.48841857910156
bb86fa99dd192dd7d414e54e70a93382,71.26654052734375
c24b37b27c88b933861041970786f990,66.20140075683594
6fbeae825d3d02c615c0064a2fa85dad,92.75178527832031
a714a25060cca93b686ca754016ef387,68.57948303222656
afb00ba955f173b2e1a091290f678643,74.61182403564453
42c96dc4117c94e5c561a6f46dab2509,79.66988372802734
4761b979336e5917092fd116d7301111,81.07547760009766
6f4af6d3d17877a928c9b62740740882,142.5722198486328
2cee1d088434425999c397737f61c4e5,118.40727996826172
c1e6da10cbc4a7a79e0380772e407f0f,108.52145385742188
4aca3072cf921c73dbb32e2a66826aff,72.61091613769531
283d0af2f609894939683ac99ba44d0e,100.68390655517578
5cd128163227e548f9b23051359dffff,65.6214370727539
95e752452ca67a1f80e78b952f1c0a1e,99.89534759521484
88ced7ea88aec89d580daf711ca1ec7f,68.67269897460938
86435011c9c675d03e770cd9e95fcce0,83.40594482421875
3c35b313665273e7d40bc612fd0cbc5e,97.52342987060547
024b01285822c2d2e63fba785d9bd994,203.18775939941406
a18c31cb547bce86b6dd81462c06b98c,109.55840301513672
3c4d5c9a8c1cec196b0b7f39452e6616,151.7189178466797
0aad7f3fdbba07671a9d16e0e4c410c6,60.20276641845703
bebb6a86deffd5a934ca537fef3149a6,84.1529769897461
8aaac82e76b87635e9ef025649872a4c,97.2109603881836
8e4cd97c8face3d33cd7a66032c1d6b1,60.79037857055664
f980bbf6f0949d791a3a7afed50c0b9c,80.91116333007812
092da8217515e2c54f68e0aea1cbe195,98.02800750732422
3320d663dc004837455fa08a748e1a1f,96.20648956298828
e03f684dc156c041eeafa7a0e84dbe88,58.08896255493164
72dadfd1de14975afb8deeacd019f51c,70.1710433959961
ee3129dbc510f2c8d9ab41cbc04ded46,82.48043060302734
0b1fbb096b8a62c09ffbe26f83a5ab4b,123.00154876708984
7b05c36e7937303b2a798f15f3122f88,101.2683334350586
2c2cb7dcf2a4f7f733152eefa9cd0dbf,112.65996551513672
b31312ce6d91e8f34bef92b4053e4142,143.97808837890625
b5fbf5467b47d881b1fbe89f0d5bc242,92.80493927001953
feb8606130e1c4967047791e6935b92f,52.44654083251953
5fb1f94e8e62b335379f7c43dfe6d43d,95.21436309814453
a58ccba865d2a88f04d46f82896ade6e,96.36836242675781
578ff3f8ee92ba47e86728dbf7a5ffd3,75.81819915771484
6689b0bd560d95ed92f71f3c84253987,75.20410919189453
087653a9ab5aaa740803fab8edf7b534,140.4864044189453
eb6249e0a6d487733523b432b1ea36d7,136.28736877441406
31754e4aaacc0a89544072ef259a5406,79.12899780273438
1dc2beb78aaf1c6788fa7cc4d1c29208,102.42838287353516
535cdde3fdace7bc49ec4a9a00561f17,122.49312591552734
19b78b25063569b06024908dd9886da6,89.73946380615234
6fe5c94e49757c182954c3cd26637cfc,131.7981719970703
61ef30ba1cfa8ab0e1afc9a9b08244e5,138.8193817138672
b48a6ded18add893776aedbb265e05cc,129.98399353027344
11864afcaa013d59aa6dcf5b04d010d5,118.10381317138672
2ea4c4eab69f05c1069f54f1173064f8,79.8984146118164
11a53946fb0b7d53b5b5302d62bc5a9e,121.33257293701172
6db0cb7c971386ca26b5728a208a493c,169.0418243408203
58e6cbca096fa3fc341d4323e093ace4,70.67581939697266
a39b39731d01751cc4b21d5e58581526,81.68816375732422
9d6129798feb7594a2aee3abfcf7c8c8,156.0807342529297
0be5fc23b2de3b37128bce2ea374265b,96.3623046875
19f720123efc24d990f2d4b7f8c52bf7,79.6938247680664
da8be23d3899706be32391e2869a4c1b,79.67446899414062
0ec72252682b7b9f7283679c0cf1e747,99.85596466064453
290175ac2eb82d5bb9527e3c6d810e29,122.9594955444336
cb1ee01fb1a4644d4291a2a538122fdb,107.39893341064453
fdcf3f0c84178ac8d70e5894f780683d,102.70348358154297
e517468fa05a3c8e40d93b31233a63e0,77.82805633544922
19b90e3bca64a70e981e8ee575cd9e2d,102.562255859375
76624eb15191a7ebc62ce373a8312e79,91.40826416015625
552a83f579f219f538f6933c82ddc96a,95.32725524902344
6ac39f13af0a54dae8d94adb79246a69,79.0608901977539
cffbfc522ba281bbf5b725194c39c200,90.34688568115234
92925b10f138a2a71cb4308a01a0ced9,93.34113311767578
43736b179a80856f6f4b805911b100c1,89.11811065673828
499b84cf314251f00ffbadab7f0860d8,72.08080291748047
d0479fe0e8b4d6f85531e2e59389fd5e,196.5404815673828
0fc68acacb240ce8fdb33d4160c5e030,87.06652069091797
4e717a7d678fb3c4b28b1901c5fb147d,96.25537872314453
140373c4ab97d1ca0c38be90a3488af5,74.75199890136719
1cd4ff8fdb3e4c808c6297c4e85cf2be,87.82266998291016
59bb7731806f74164b56971dbb9e862d,73.85469818115234
db1cd951bf36668ffab391152842af08,104.0738754272461
dc8ed07c3c34a68927149619e1fc3e5d,123.2081298828125
eef7bdc9b6a0d1da893abd6aeee591fe,73.20143127441406
250a195348bd0a4db04402d49944d98d,88.08616638183594
246407af78e9a6be3142eeb4e29c9abd,86.43042755126953
ccee2bd41b133056e3ed19af71eccfec,76.62772369384766
cec0e38d22dd24d28cfac982f700f389,60.33219909667969
624b61db462d91abb1ea72d9c14eb12c,122.93231201171875
fc8f022774ec47475f286b164c1762eb,77.34410095214844
e4ebe9f81c98d2899bc59f1882e22719,82.06787109375
114534257cf4ad25bbddfd6b387563ac,60.8594970703125
b7446669582dcce9affe16ab756d9950,84.2117919921875
cb96602d6304f80a81a09bdc75c3ce99,82.4441146850586
762813a79fa4ae6641b16b8ff5782c29,116.52945709228516
e723277327fb4227731dce674af8093d,175.92604064941406
8d6365724ae442899ae0bd2eb39d6a0f,96.45106506347656
b4406d903de737c3386b9c537300f833,52.843536376953125
93c267d6f2a2cd7659d052ca62d5114f,72.9347915649414
ac5df7b6df9a9d7f2fa1ea0a2a646161,130.07276916503906
d8f3658d58bf54728e9266dbf604ab52,67.24300384521484
1ac463c56f1392d916467efe23bd10b7,96.4297103881836
12725dc689969ef2ca364779a5a461a2,75.55000305175781
be90bc8200bafd7b9610793a14b6b387,73.35674285888672
f8e962386891e73d2f5e52579e9e3f42,78.02339935302734
d8164f28d72de89ab52f753a5cb51f70,111.38713836669922
3990384168e2bfbc8a75c467f1a300b2,82.6363296508789
01bec11ce9194c15f0b23f53362ab57c,97.570556640625
2142d698071fe15577f2694faf3a2a37,98.60660552978516
56da81e8cffa921ce9c3b07c0da7e786,94.58076477050781
34f5ddb8bfd148d5d2da456c0b22a256,70.5838623046875
0d90d7904679b06adc2000de2e742036,135.91868591308594
d1af3a41a4ee35d7ba720c1a8dc05ab3,70.66492462158203
78454dc11a971b6a7b27fe26fba5137d,87.11961364746094
20126486075ee69f0e9fd9878ca2ceb6,58.55867385864258
5002b889b7d30054c08164915425e9f9,138.10671997070312
bdfc44fb525986b7bab8c589fc47e853,125.21732330322266
5b4165ee98c366780b44e4c2d96ecf97,91.59235382080078
89c2a4bc280dc8edd33187c6ca484c46,65.69536590576172
94ef2843b2b0a2feef4af28913fa2ec1,193.0303955078125
ca32a0cf359b4eb004004a4787de0294,113.55479431152344
d573161c46be8a1242866b70199b18bc,113.17771911621094
a704a28bfa3b738fea3b23c44adff58c,122.63349914550781
73cf2e2d97c49c11e723edfc67efcda3,102.14981842041016
e08cf3d113fea79acfc60e178de691bd,165.48887634277344
0b3785e6bfc24054d0c846ab075f1ed8,121.90281677246094
0239d09a1246c204d37edfe539895c21,62.267478942871094
c98684c23fddcdf886bf426ce7be7a5f,130.85586547851562
fa0c8a3f65a52c6e0a7a89a837e8176f,176.1475830078125
77e6c889d25f8cd151eaa89f6a16c2d5,76.79833221435547
49489e4c637faac9ff00077e4af5bdc0,161.9886474609375
08c096038b85d69ee3564d60da965ecb,87.25924682617188
529133d9120e13c0c49b26fb131453a6,79.15957641601562
59c2decbefdea9dcabd35c9a20d5c0b5,124.33992004394531
144c491e61f562908c77ca1497ec18e3,158.13670349121094
395b5da8b5f9ebe1181e3bbc2dcee8cd,157.83616638183594
81db77fce3265841d599a44781fbb992,77.5469741821289
bb858f05ebc6cc31994797e37d44c917,114.67068481445312
23a472c37dd513aea1cb511d3eb2ab2c,63.772735595703125
4b328c2b3351fbfe3d3b79c57fa0a6be,74.8841781616211
01a20ace054d64d47231edd33d3e5a76,136.4083709716797
c930394f01c2a6508e4d3026a87f37a4,134.1471710205078
246a5f482f1005216efc7ade750a8984,103.78515625
25e4950499d9b64ecd72a87ca4b336b1,61.19538116455078
8d6ccdc055cc11cde2f406a937003fba,76.02674102783203
191566eb51077b31e1db7794eb2f50b4,98.77912902832031
db7fda9d9100f814baa9e55c09aaa512,84.95856475830078
04fd21db9da2e81be898590ce6f257ed,81.21281433105469
c91e16307c8b8acfab97276252378196,76.53874969482422
af934dbc2a96057380db0cc0a2ff3322,105.47093963623047
417593d927c558079af2143f5c0295d3,89.27342987060547
cd781e13f7e48412eb96564e76ba49d9,148.6672821044922
f45c0e4092a0e0f68540dcb48ed7e1b2,128.02432250976562
5e1ac1d971a4e47864291f3c793b7dfb,126.93855285644531
f91f897e6824a91ad7e9d289f0e7e7a7,100.78083038330078
c986681d09bb7bb1a75572105039880a,80.06053924560547
86812cadf1124d89e2da00d51750dce3,94.4992904663086
f0ce5a992da99b848bc05e9ae2313209,78.73821258544922
1b064d12e4cd7b3870919389909714d3,134.8531036376953
935065767c04f92f943a5eb238393c41,129.33839416503906
1edf5e99461e40db26af86371b4c8613,109.7770767211914
8d37a31cd0099c8a9bfc4c66aa70a920,102.68721771240234
b7f67f6faaec83472fd07e6290963e23,57.81388854980469
fa112ca62485b4e8ef653c179ecd2fb7,85.1210708618164
28c827855e541ebfd079cdcc7dc45789,125.1164321899414
bdbeceebff757cd2f5638bb73f05a341,83.23664855957031
98d003af6d59525da704999e345fdc51,98.4239730834961
946288ae59f93cca37df670d79def822,128.4927215576172
41d58e119c04ae714d7d178c55b091c4,135.13986206054688
a3c60e72a6698e6071a169b761d147ae,104.98727416992188
0e658906eed30e91e5dc5d0986e6c89c,96.78011322021484
27cb8fbaea0b7eca4444f6e10ab322cd,80.5896987915039
e46fdaa7491b4a85b2e79b8beb65ad01,83.45243835449219
e9becc5b78963a6af4379b97091ea6b9,53.69961929321289
d3a1518120db1fbe595e8125a2d3a878,61.38239669799805
4e1e17b2a84256675e7281d29f2679ec,76.44817352294922
5047bdaf1fd3047d7ef211dd8c924c39,91.73775482177734
49de5391043621d83af68bc05bede7dc,79.67472076416016
839c5177d4a48354eef29baf0d66143a,108.90821075439453
3b0b43b2c5f8390d7fec7ff9fcbd18f3,65.84297943115234
4df4896389c38afff48b69f9b074a581,121.03033447265625
eb2ebd6bf6d06f346d3b9825da160cb0,112.0354995727539
c4defe9093d96cbaefeb975a7995d440,107.9609146118164
97a24ebb70a1119fc734b5da81f874f2,113.65426635742188
815b441de33047090c005ebd2c58bd3f,134.87271118164062
f5764ea7b13290c1da8de2bbfeb59700,185.3001708984375
ccfc0083033c7b947f2d0a937bd638b0,59.403961181640625
83d310683ec16f634da74fa3f0885b03,120.19561004638672
4a1b2e240e6b8179b72a99ed0e1ff9a1,120.00402069091797
b4fd58b1060918634888a1a010a05c00,114.36971282958984
585ff76065864e72a745ac66d294f1e0,132.7523651123047
5d224d153a6daee70293cb273a73431c,94.99520111083984
b542daa0038fa94a35b5b3612e4da21d,111.99201202392578
e80ccd56030c30456dc299e5f449b2b5,75.53070068359375
0dc3b72ee4f991312b3486c7cfd279c7,132.96397399902344
19366e1fcce09ba50c8cc9be633d3cb9,75.09793090820312
387e4e162dfc50e0f47b1dab2199ff84,92.9314193725586
3f74b2b0be4bd65f45272afc40c3071e,83.04010009765625
d8eb18a15925e71f40ff8ddd88e37765,76.4615707397461
ae3d60e8c6fa6e6e17c9f28ec1b3506b,84.00447082519531
f786f6d71376b2228ad871827933cbee,253.0736541748047
2e71fc3ad137c6959f29ccae1c5c105b,144.14234924316406
143045ff22e55f2acf77f251610ca3ca,74.87151336669922
1166508b2b56f64a468030ee7943d7cf,129.96981811523438
545d13f367f10296875d7002dd48743b,134.21315002441406
fc750ea1570d421118accc46aa7bb7af,160.58682250976562
1d9211b1d8b7c290564465a0dc6cd2ff,184.7593536376953
9845bb6c470187a8ea253b27efc9ac08,65.11888122558594
938a75555f3266e923b1985cd615fe81,78.9334945678711
41dc0e2f7d2c055006a64f21f4fe06b9,53.357200622558594
565d533a1d7fbffa90e71670d74d5fc5,212.2436065673828
ec04a0325fe1bffe3277c9b8f5ed5d31,95.2491226196289
60e6613ba07dacbeeab3831af4b65fe7,119.5915756225586
7af8db36f591a6e210a6a96f9e972016,70.72639465332031
9a9f9b877b15ad8553ba67e9d676e518,65.18016052246094
c3d25195acecd22e2b21dc7efad0b30e,102.99940490722656
799473240b4864f7590aed140017e253,91.55704498291016
68756d562b50b4b3d18fb1ee355aae25,90.86922454833984
22162048383a895f1b18acd457f8daee,100.89446258544922
5af925ad8ac5ed6973e7ce916d9b5b93,111.44772338867188
04c04f1bece1273f381529d9a6c3834b,98.52640533447266
5fe0a5ca2d7c86cf46e513710c78557b,98.10393524169922
b9fe900097b97af72b487c4b330f4f1d,154.91690063476562
464f776dddebb0ebd228447b83971404,84.87142181396484
6e304e97755624266f3d02788ec2ee80,106.79068756103516
67f7a4ea3b393406a8aa37ef1c3110d6,117.46228790283203
26ae8d76f513c0cc0bc2e3dc08a6198a,88.52252960205078
43d90fc6565330a8f9326eabc7d95233,232.1671142578125
31fcaef1b314429f1d283fc3bc8afd6d,64.53421783447266
7c77fb1901a6a88d50b2fc6b4a5d1970,114.41963958740234
3e2cc35118ccf760a10bf9493f18d5b6,90.18890380859375
80b116d8923b9a16bbd68f1693c83fe6,77.88612365722656
de89f66cf5f956a64d2c0a89a6dd2849,79.27043914794922
2312bb4fd5c98887ac4c653a8e4ec396,112.81875610351562
3e6987e01aa3266bceaafdc9acbb94ae,131.2716827392578
7d0a36953178dfc110c3d94dfebfc0a3,110.5687026977539
9501f49ba34711a368fcbf4f0ed67852,80.1255874633789
6c04d2566c0fe40cf6d4bab6c830b2f3,93.9629135131836
7bcb40af1d8ff5b2a62952c25ea7fe06,87.54620361328125
62cd6837e6d4f46203944e01e0040dde,85.40342712402344
7ca974e929f201cef7c17b29e3128c75,77.34370422363281
2e2240ae3bd25fe0f1a0e03f946c6e62,96.12920379638672
830ac3f71a9426eb49455bbb667f444c,107.20389556884766
56fed3816be6fbe60314af3ab5fe9ce1,119.7699966430664
f2542a5241549f62a1ca10a671190b41,72.93885040283203
e4faa5e8bc7dc6875f4ecbc6a904f997,118.09644317626953
fc349034aee15fc81722f801dab5c9bc,144.04881286621094
648fdc05d6550f6a03dbf7598ab62ba4,109.10474395751953
1e52112a0db9fffede9c476e174b22ef,108.953857421875
f58d1d6b61a78532366373fc338f9147,99.07659912109375
f0f81f9314fc2d87fca348277ab794db,79.29573822021484
ad4bfa696fac5663d8fae9c33910055f,65.07345581054688
cd207ed46be233634a882034098c699d,99.05651092529297
16c01851df1df3ad4a2333f45ca4a386,91.24343872070312
a075c4c105d27075af5cfb4048ac7527,101.05509185791016
8281fc9d6e86d23ddb823a330d75f6bf,112.74434661865234
19f1afea17e7800b1f454ba2cd1e5438,104.11547088623047
65f587df6d57cee25a717ebef9b74bf1,152.6557159423828
9fdf7d5aa23ae71c063cb2638e21919e,119.61417388916016
1188353f3d9f25db21d77a272b121034,72.59159088134766
034d74618bca881a24e609939478e95d,125.14913177490234
c7d6f252e5ee180b8ff28844156c7dcb,96.9995346069336
012a79e40dee7172a6f31f4a3f47fc1c,92.39021301269531
b216872640faaad4c245d57353036e87,92.18437957763672
d6e538c20b1a7b1998c1ad771bbc058a,171.01747131347656
8bf20a87e28335c7ac47191555fa2344,79.1928939819336
26cbb8be72b67daf6711b990ef72688f,135.7395477294922
30f21a38e08a301715804141ff15d4fe,112.9697036743164
d9515e8bb64e10ea9cdc045ba02f1edb,111.05084991455078
d97884d5cc49eb4f105b273306dc9307,105.20146942138672
2f8772c7de2bdff24bb6453184111732,132.82235717773438
c0a16f04ab175fc9a424534b34718079,55.42571258544922
6a72d24bf2addfbb28a9197f9e39f85c,63.559539794921875
26e52d156e7f3e1b4fbd4c93af852772,74.63854217529297
8904d224e2505c6a506d0c88b4b51227,73.72689819335938
c44f2afe8365ab9633127d9d2ab6d829,86.51578521728516
e5342367510181307a206ce4d01d9cfa,55.63447570800781
1244ae3fdf2b775d712b8d5fddb5720c,128.43325805664062
b26508f6d771f747fd892a3641e582e8,102.2583236694336
2ae7c5b6d91552fdd791265177ea007f,133.8567352294922
43462959d64d5652387837e926a2d837,130.5022735595703
b172f0346cc1360c06ec6fd01d4662ff,99.4282455444336
993f56d7681942283c7f0ce5d8830924,104.21373748779297
6579751435f754b4fa9b3ffa2c027d81,63.851627349853516
3c1203829d700ad85ffb7c9111fe4f93,109.13735961914062
aa4418e5f6f03cbb70abe40d46cb9ebd,118.17765045166016
12d011dec16d7e2372f916de88bdbb21,187.0221710205078
1d2ac471c71ab2c6e747d50a8967c664,168.69149780273438
0b786375e960195aaa02d7c1ff0f878f,151.59934997558594
8327862a07f8641ba3377c4b550e6437,105.71047973632812
d040188c018a9549318677cbbcd4dd3f,76.5815658569336
c272388e3f5345ee81c65e092fe21199,91.2088851928711
f8fc76e7f29a34599051856b92f024b6,129.78111267089844
a5a02f9f6b952ec91d157c187287a192,98.06393432617188
98ed58df8195850462e2f252c0349937,59.23418426513672
3b73d986e56b996ac084c4050a214012,91.8743667602539
2dba19f14275fcbf2d4ae85bf4ea9cd7,118.921875
e1a968ad6a8e4070639a4c14352279f3,111.14546966552734
e739fe4a5bbdef90950499c64e9b7da2,110.58839416503906
29c71974682f681c20c96dbb5d18d8ef,136.96347045898438
16c84e74231c5e86257347591e879388,83.9369125366211
9feb3fe23073de1884d3f2fd2c3a02ef,134.61585998535156
cc1730bd1f30c93a715d22cfe96d2d45,88.13330078125
2ae2f53454432b9929563322f4e9e2e7,75.79431915283203
e3a7624fb5b88ba205d4b18d27a94c04,169.97193908691406
385563bb59a6059fbbf24d19090f3d52,74.81929016113281
f96988b98b44fb24a791588d99bb4be9,62.06644821166992
fe983c6a9e082a9abd40a209febf53ad,121.8613052368164
ce480f94ccbbc29823689eba2198a8e0,81.3376693725586
5517176411aec23b4e0152bc3c037aa4,81.31908416748047
ac59069a216684a6908ead6fb3302246,131.9532928466797
49e23d22da79f45626c21faa35be86fd,106.3913803100586
a8b3ce12b53531590e7e653461bc6b75,67.32737731933594
c7602532dbc92b39339713a117836ab1,111.52940368652344
925f99d3a7ec79db08ad638b82eba1b4,75.78617095947266
f6e91bfe6faa85a87fb39fa489f17c00,88.8440170288086
1227e74c92baf9d06c69a5197499b14d,177.62188720703125
105c608b4cf4ba1e9bc6075272bbdb06,67.13384246826172
49a3f939a1711c1da849694becf1c007,83.5002670288086
7b2b0dd9af6db801465bce307b3fc86c,112.01203155517578
48ec85fa69390489116f1f29b5ab7e9c,105.64530181884766
845f87cb9d93cb728174f3e37ec4a63b,98.11299133300781
63bc544f279866679351d1a3b5ff6e32,106.98902130126953
27aab9db50fbe4b17f27a7d2f72839fb,111.51730346679688
5b80b18f943341735158b7f6b763faab,102.12942504882812
6f768b387110af900567d26172c77a57,80.84017181396484
0192377f58804c18415fd1633283ef06,148.74313354492188
2db2a46fa499b2c1042e286e81e358d0,70.61028289794922
1c35725455008e31bbb81fbd965ad9a8,104.66722869873047
de19e2cdc1889d6d2f175063bc10e0fe,96.97154998779297
ae708ea3416aaeae1c1d36a14ade2c80,77.63481903076172
8b5511d66634988079d89f5bece43cac,73.55720520019531
65475d96bc32b4098e750f5520ea5b63,57.92497253417969
26b1317d43521471c88cb19c18966775,67.1915512084961
5badeaa77cf406068b31eda13476c839,201.59048461914062
f0601b87a58b17971b029a7c68c51364,158.4129638671875
dc63075f2df47de466691c4864657725,61.48388671875
2b54defd177a70dd98dc0275812e2321,127.45413970947266
171252e16a7d8863ea1518802ee55f72,79.28296661376953
0b36b2345fc1cc03ced1cd2f65fb2258,84.29273986816406
eadb3f6c2c6e31a0038c23e25bd916ed,65.48602294921875
dca75bf5806a96ae3e4c63f08a22da94,142.2829132080078
9474a1e7de95e2d113346597e599db6a,67.49745178222656
af768928a25a50dc8ace573fe7a92f72,57.88847351074219
c4118ad874aee91324c939812e502625,170.2996368408203
bc571a7ad8019054c4e4ff5a240ff965,105.76856994628906
ba0cd7cd97b4682aa780dfe0fa0ae18a,108.57292938232422
d777e31fd0c824626588a7d184bc72e9,88.3006362915039
f105a899e8366ec24baf4acdb751340c,69.15563201904297
bf9be5b2c8f4c96880e37616f5d652d1,94.81509399414062
a1895b72208248b597ccb815b1cdd568,91.11478424072266
fc0bf11f4d64666e41e0f9ed3e49d997,65.60161590576172
d371cdee4987a8de84a25a0221650387,111.52629852294922
4cd0c2b34eb8acea189b27fc4c58024f,127.15030670166016
f3cc17bc021c70b5d71b4010edab7036,69.58966827392578
11dac2e426ca14ee5f8ef2cd6bb1ee5d,82.9134750366211
c96470e33c5635af7e39fbcadd349214,191.22525024414062
10924602939ed49cbfbc07b425fab946,105.12445831298828
8a085dbefbfcc056bcb36ef2ee205229,69.39889526367188
227c48c1ea28ed248552a9dbeef3e601,90.5730209350586
418affe4bbb54d4008de064f209a4c94,66.25406646728516
3b4fea0609166ba6cc52e012d78da1f2,61.696495056152344
9145afef10a877a4ee39fcd22de40825,105.48721313476562
cbe074d43bfbf491468342e599608bbf,102.4485855102539
03ed79cd713af1c69e97d3474dd9f946,104.93885803222656
6f20387ff0cd887c5da8b6ae8f53ff14,96.67335510253906
c63e7efc26dec448f9613eaf9b1b2e69,81.84113311767578
6b858ed4a3d8af1512448e5dac16a1d0,77.24642181396484
dfffbb4e2b94b37d4947c0ced8544d44,216.01608276367188
08973b2b2774787d8611eb9a72dbe2cb,76.64713287353516
a1b8b99f01d548466f2ca2390b99831e,100.82555389404297
7005676452fec6b1c0698287247b753e,94.68756866455078
a44f984e36c31383d767a36d0b2bd164,111.81070709228516
a914b0015a3e2e7eff197a0e3aa2e2e9,83.53691864013672
bb4416178af8e0d550ec133621db9cab,129.4929656982422
96a04e698bb6f630cc85810b1ddd9cab,119.00357818603516
31c120b3533506ed70a3bf8b43c6042d,209.08827209472656
44ce3fcbf2d1f10196e1a5d75f4fa97e,94.61561584472656
5a00983df1f4b1d9c94c00dedb03676f,86.74957275390625
744310525f077ddab2f4131f15868ac0,80.63091278076172
862051c678e0956e9665cca747607e64,120.61467742919922
a8f5cb9418d5dd8e15ff3b53a489405e,107.2715835571289
04fb62b12b46c6cb57b50a7fea917735,93.9063949584961
3fef81d713cde792a041225b58770707,130.1184844970703
02501df5f8fc8b29ec38a2857da9eaf6,115.30846405029297
dd0c4efdf0d5beeb4f834cc4af698260,139.5491943359375
0368d591efcc66dce189fb5b7aeb1df3,149.3275909423828
bfa29fbf3d9428156ebda16453762e60,92.22087860107422
c1374f9c432f23ed3fd0893c791d3088,167.49456787109375
e48599d9d4b707eef90834e9cdc3b254,79.41926574707031
b21a86ee9335a826191d6998f374c5d1,70.7771224975586
2746c6b54da804fa24a7cd5065837729,81.65438842773438
9e4f07187d9f8c161e6bbedd78c8eda1,108.67320251464844
1222d15a05ac3c9a80833c5e71e8a4e5,161.3811798095703
50dfd7cb6fa566267696252858390698,146.760986328125
ae102f220db57d03089df53e26afc17f,84.32001495361328
1226f85e4d3029160893b1bee4a87bd0,96.29705047607422
0f031690e55b1c010aaa6e8023bb02ba,97.87916564941406
8f9b53c39a0c24148c584f59b4609da0,191.19911193847656
abae431f8a4a6a5f6b1e1669e0cdf9b1,60.12432861328125
12d77ad87a19e9e7a195010c05ec91bf,111.44281768798828
3a73d8495c233299df065a8073fe97b0,115.5953598022461
bd08307386d4f72e7a586c0c41f3efec,157.1160125732422
0e51a2487d0335e3ccca6302224e5632,61.055110931396484
7205ff353f83e587f9bbf08dfc1e6335,95.6204833984375
c270286bded842dd9a7a14bfe6b525f1,83.17571258544922
eba5aa2bea1f2fd85b3b5c5ea50b46ec,168.03472900390625
d0d1ca62c05715d93983f3ca519414d9,84.7376480102539
9cd025c2197bec80d96d896790702fc5,74.87825012207031
7284d6b15ebe4a2391dac3b2869e09c9,114.19892120361328
1143bc4957e872d10768af3af3451c22,91.81678009033203
cd42bc207812bb9272f6178b62c8675d,212.38458251953125
889e99a0b85ba2a2a7d99a4a81eabaad,142.18077087402344
5f82c349ea2495b815e05046b61ae82c,94.79947662353516
38e8923112472f6596f064414988ca28,79.5322494506836
7b86d5bbb5267aff24c8e4bf4f227209,82.2166519165039
1f6fd9d1616f81a942d1f196c099abed,92.89779663085938
9a2365bc5d6ae5d92997a3bc089ab280,139.00164794921875
840f8dd49cfb5142f64a32675e62cc01,92.94178771972656
2bf15b4e0ad4f9266f8eb3ab01214259,80.97254180908203
6e4f6af9acd7bed38b6643aa5b3ddf5f,124.7096176147461
426a8bfbd3c6576c74137d7c6babcb32,114.23068237304688
797cd1a679ece075fad4b4c31ae6d7f1,92.39055633544922
759f93311ca25b5789d16aaafb86af9b,95.75154113769531
739bd62bf0342bc685483760c314a1af,103.45117950439453
daf45325e2bd58ba9da39a96767d5457,87.10257720947266
c7767fe5319abfc2675a5b38e483fef2,77.02242279052734
f643d2eea38092fff3ee86912069941f,100.70711517333984
f07dd447fb470a398413b634d5468467,70.06415557861328
aa91c40af276efba645cd199a4695fa1,88.13169860839844
f23ce76bb8fbb67bc2c335b6888af96c,115.3243179321289
3de2826e34b7b914f751d69dd0db8c94,74.82443237304688
bfe45dc5902305360e410f990c96aedd,73.0649185180664
c97fb54279c6f72a8d478f239db05c8c,200.7333526611328
9be0f7991da45d4f2cba65819247ff79,98.25785827636719
9c4e894510fe9eeb03f1ae31db37b441,98.6734390258789
330588d23f841f70b605af306cecf53a,118.87385559082031
6e69f8245a20c877ee64926234619a13,71.19925689697266
b783845fe39064b99f67802bcf3871c9,110.24236297607422
158af5aedcbf26cf71b292919b122a01,124.59671783447266
0bbb9798909e2b2b141c7e99169a5fc3,99.44129943847656
01855833f17fc643aa2e57008e519d1a,86.40705871582031
6309b79034838c6afa4a075ef2156382,105.29259490966797
6fa29072760f5c2fca1e1776493c2401,101.6705093383789
0906388bf9f5db7f12b83e14763b8af0,102.12100982666016
39aae25e9c7c42d708e0603816747178,67.84310150146484
26c4ef13b33fd3ff19d53807e9ef1433,99.6155014038086
2b7f5055554763a35aecd278d36feff1,103.24418640136719
d022e5fb68b6306907d337ba364a2986,97.01725006103516
d16527d86e4abdf5642d417966504e78,106.2741928100586
7c82a1c6fa4fab4bb4aa44298921517d,85.05707550048828
d1407b1152b3d9221c2db42ded630f02,145.43455505371094
cf31841f2628476f81e85ca757ce90f0,169.56495666503906
01ee27e9af60bb6d32957885d95af998,66.37342834472656
6af1f1546bd569d00af0623e4b4fde19,71.3214340209961
66e0662e101905099cfe53c0420a10c2,90.9259262084961
e3bb22ccf35799f08bec3f4197a8b931,84.66646575927734
d11dd4d5f6e9edee3a1676ea276ea23c,70.51140594482422
7dc83b00e7536c70dff5728133bd9a05,110.75995635986328
826da3ba536064236adf19d42f767210,147.0698699951172
a7af79db01588f6e6b6b00819930626c,94.91657257080078
aa2eada835351c454f350f7afe3e8c10,67.310546875
5b475dd37a5ac745de9d3b3a34cf8f0b,89.42992401123047
eb051c495b86d0000876b3fb5942483d,76.57441711425781
54e70fe28931fce48686dbdeef65009e,129.52682495117188
0881497f7111f4e5c34d17102a4445dd,72.7629623413086
7b8d16e2adcdd094c1846e7b95bf4b1a,95.86859130859375
dd5a217b0ed79b4c833109a0ec32ad48,118.42784881591797
c7fdb162a2404404673256f9fe394265,85.72443389892578
3119198c48edddfa4521bf30e2e9ce8a,70.57439422607422
8db4c26c7ae6d6b19f1c15b3e8c2bb14,93.79305267333984
54065db79646c3e80aa018a962d8deba,80.1790542602539
a05a733a7f97202b8c37be5f3d6b56a4,143.34373474121094
41f75349334a8406e8a1ec6cd5ea45a5,83.77043914794922
fe4a3744fd285ef5d39fbe0845a1c39e,79.1270980834961
c6ccdc8eba7cf92dbbb8da736920658b,108.69866180419922
039de49241fa636f6202e9804527ca02,90.18582916259766
baf1f898cd3aac7a202b73248c979ccd,83.63372802734375
16c8eef3943dc33608b86d3c6e8b7ba1,77.46227264404297
f68a93187fec62746970b17eba4c4d6e,63.94017791748047
7ffa2d60aea99143b28564d737ca4b2b,102.8880844116211
